{
  "unet": {
    "0.05": {
      "test/loss": 0.17440174520015717,
      "test/iou_water": 0.8848055601119995,
      "test/iou_ice": 0.8267053961753845,
      "test/iou_mean": 0.8557554483413696,
      "test/accuracy": 0.9450023770332336
    },
    "0.1": {
      "test/loss": 0.1361740678548813,
      "test/iou_water": 0.900993287563324,
      "test/iou_ice": 0.8531275391578674,
      "test/iou_mean": 0.8770604133605957,
      "test/accuracy": 0.9547960758209229
    },
    "0.25": {
      "test/loss": 0.11061451584100723,
      "test/iou_water": 0.9099703431129456,
      "test/iou_ice": 0.8683626651763916,
      "test/iou_mean": 0.889166533946991,
      "test/accuracy": 0.960218608379364
    },
    "0.5": {
      "test/loss": 0.09812948852777481,
      "test/iou_water": 0.9180611968040466,
      "test/iou_ice": 0.8747775554656982,
      "test/iou_mean": 0.8964194059371948,
      "test/accuracy": 0.9638959169387817
    }
  }
}