{
  "task": "Sea Ice Binary Classification",
  "dataset": "AI4Arctic",
  "total_train_samples": 8561,
  "fractions": [
    0.05,
    0.1,
    0.25,
    0.5,
    1.0
  ],
  "unet_miou": [
    79.25897240638733,
    84.4732940196991,
    87.15274930000305,
    88.83681297302246,
    89.53046202659607
  ],
  "terramind_miou": [
    88.39592337608337,
    89.58411812782288,
    91.69508814811707,
    92.58353114128113,
    92.40221381187439
  ],
  "improvement": [
    9.13695096969604,
    5.11082410812378,
    4.54233884811402,
    3.74671816825867,
    2.87175178527832
  ]
}
